Main heading;Sub heading;Item;Page number
Rules;Losing Corruption Points;Absolution;185.0
Character;Class and Career;Academics;30.0
Class and Careers;Earning Money with Status;Academics;51.0
The Consumers’ Guide;Weapon Qualities;Accurate;297.0
Rules;Master Talent List;Accurate Shot;132.0
Character;Party;Achieving Your Ambitions;41.0
Magic;Lore of Tzeentch;Acquiescence;257.0
Rules;Attacking;Action;158.0
Rules;Attacking;(Free) Actions;158.0
Rules;Master Talent List;Acute Sense;132.0
Character;Adding Detail;Adding Detail;37.0
Class and Careers;Advancing Through Your Career;Advancing Through Your Career;47.0
Character;Skills and Talents;Advance Characteristics;35.0
Character;Finished!;Advancement;43.0
Rules;Moving;Advantage;164.0
Rules;Moving;(Benefits) of Advantage;164.0
Rules;Moving;(Gaining) Advantage;164.0
Rules;Moving;(Losing) Advantage;164.0
Rules;Moving;(Options: Limiting) Advantage;164.0
Magic;Casting Test;Advantage and Magic;236.0
Class and Careers;Advisor;Advisor;69.0
Magic;The Winds of Magic;(The) Aethyr;229.0
Magic;The Winds of Magic;(What is the) Aethyr?;229.0
Magic;Arcane Spells;Aethyric Armour;242.0
Magic;Arcane Spells;Aethyric Arms;242.0
Rules;Master Talent List;Aethyric Attunement;132.0
Bestiary;Creature Traits;Afraid;338.0
The GameMaster;After the Game;After the Game;264.0
Character;Adding Detail;Age;39.0
Character;Attributes;Agility (Agi);34.0
Class and Careers;Agitator;Agitator;61.0
Rules;Master Talent List;Alley Cat;132.0
Glorious Reikland;Altdorf and the Manifold Towns;Altdorf;278.0
Glorious Reikland;Altdorf and the Manifold Towns;Altdorf and the Manifold Towns;278.0
Glorious Reikland;The Cursed and Fetid Marshlands;Altdorf Flats;271.0
Class and Careers;Tiers and Standing;Alternative Changes in Career;49.0
Rules;Master Skill List;Alternative Characteristics for Intimidate;124.0
Magic;The Lore of Death;(The) Amber Spear;246.0
Magic;The Lore of Beasts;Amber Talons;245.0
Rules;Master Talent List;Ambidextrous;132.0
Character;Adding Detail;Ambitions;40.0
Character;Adding Detail;(Choosing) Ambitions;40.0
Character;Party;(Long-Term) Ambitions;41.0
Character;Adding Detail;(Short-Term) Ambitions;40.0
The Consumers’ Guide;Melee Weapon Groups;Ammunition Table;296.0
Bestiary;Creature Traits;Amphibious;338.0
Rules;Amputated Parts;Amputated Parts;180.0
Religion and Belief;Miracles of Ranald;An Invitation;224.0
Religion and Belief;Miracles of Shallya;Anchorite’s Endurance;225.0
Rules;Master Talent List;Animal Affinity;133.0
Rules;Master Skill List;Animal Care;118.0
Magic;Petty Spells;Animal Friend;240.0
Religion and Belief;Miracles of Ulric;Animal Instincts;227.0
Rules;Master Skill List;Animal Training;119.0
Between Adventures;General Endeavours;Animal Training;196.0
Rules;Master Skill List;Animals;119.0
The Consumers’ Guide;Drugs and Poisons;Animals and Vehicles;306.0
Character;Species;(Options:) Animosity (Elves);26.0
Rules;Psychological Traits;Animosity (Target);190.0
Bestiary;Creature Traits;Animosity (Target);338.0
Glorious Reikland;The Ancient Sites and Terrible Ruins;(The) Ancient Sites and Terrible Ruins;286.0
Class and Careers;Apothecary;Apothecary;53.0
Rules;Criticals and Fumbles;Apply Damage;159.0
Magic;The Lore of Fire;Aqshy’s Aegis;247.0
Bestiary;Creature Traits;Arboreal;338.0
Rules;Master Talent List;Arcane Magic;133.0
Magic;Arcane Spells;Arcane Spells;242.0
Rules;Master Talent List;Argumentative;133.0
Rules;Amputated Parts;Arm;180.0
The Consumers’ Guide;Armour Damage;Armour;299.0
Bestiary;Creature Traits;Armour;338.0
The Consumers’ Guide;Packs and Containers;(Options: Quick) Armour;301.0
The Consumers’ Guide;Armour Qualities;(Repairing) Armour;300.0
The Consumers’ Guide;Armour Damage;Armour Damage;299.0
The Consumers’ Guide;Armour Qualities;Armour Flaws;300.0
The Consumers’ Guide;Armour Qualities;Armour Qualities;300.0
The Consumers’ Guide;Armour Qualities;Armour Table;300.0
Magic;Arcane Spells;Arrow Shield;243.0
Rules;Master Skill List;Art;119.0
Class and Careers;Artisan;Artisan;62.0
Class and Careers;Artist;Artist;70.0
Rules;Master Talent List;Artistic;133.0
Religion and Belief;Miracles of Verena;As Verena Is My Witness;228.0
Rules;Assistance;Assistance;155.0
The GameMaster;At the Table;At the Table;260.0
Rules;Master Skill List;Athletics;119.0
Rules;Attacking;Attacking;158.0
Rules;Master Talent List;Attractive;133.0
Character;Attributes;Attributes;33.0
Character;Attributes;Attributes Table;33.0
Glorious Reikland;Altdorf and the Manifold Towns;Auerswald;279.0
Rules;Automatic Failure and Success;Automatic Failure and Success;150.0
Rules;Automatic Failure and Success;Autosuccess? Not At My Table!;150.0
The GameMaster;After the Game;Awarding Experience Points Table;264.0
The GameMaster;After the Game;Awarding XP;264.0
Class and Careers;Bailiff;Bailiff;77.0
Character;Attributes;Ballistic Skill (BS);34.0
Religion and Belief;Miracles of Shallya;Balm to a Wounded Mind;225.0
Magic;The Lore of Light;Banishment;252.0
Between Adventures;General Endeavours;Banking;196.0
The Consumers’ Guide;Craftsmanship;Bargaining and Trading;291.0
Magic;The Lore of Life;Barkskin;251.0
The Consumers’ Guide;Craftsmanship;Bartering;291.0
The Consumers’ Guide;Craftsmanship;Bartering Ratios Table;291.0
Bestiary;Basilisks;Basilisks;317.0
Glorious Reikland;The Bastions and Fortresses;(The) Bastions and Fortresses;283.0
Rules;Master Talent List;Battle Rage;133.0
Rules;Master Skill List;(Options:) Battle Tongue;124.0
Class and Careers;Bawd;Bawd;101.0
Introduction;A Letter Concerning the Empire;Be Careful;23.0
Rules;Losing Corruption Points;Be Very Careful;184.0
Religion and Belief;Miracles of Sigmar;Beacon of Righteous Virtue;226.0
Magic;Petty Spells;Bearings;240.0
Bestiary;Boars;Bears;314.0
Magic;The Lore of Beasts;Beast Form;245.0
Magic;The Lore of Beasts;Beast Master;245.0
Magic;The Lore of Beasts;Beast Tongue;245.0
Bestiary;Creature Hit Locations;Bestiary;310.0
Bestiary;Gors;Beastmen, The Children of Chaos;331.0
The Consumers’ Guide;Weapons;Beasts of Burden;293.0
Bestiary;Boars;(The) Beasts of the Reikland;314.0
Rules;Master Talent List;Beat Blade;133.0
Religion and Belief;Miracles of Manann;Becalm;222.0
Class and Careers;Beggar;Beggar;63.0
Rules;Master Skill List;Begging;120.0
Class and Careers;Earning Money with Status;(Options:) Begging and Status;51.0
Bestiary;Creature Traits;Belligerent;338.0
Rules;Master Talent List;Beneath Notice;133.0
Rules;Master Talent List;Berserk Charge;133.0
Bestiary;Creature Traits;Bestial;338.0
Between Adventures;Events;Between Adventures;192.0
Class and Careers;The Effects of Status;Beyond the Social Norm;50.0
Bestiary;Creature Traits;Big;338.0
Bestiary;Creature Traits;Bite;338.0
Religion and Belief;Miracles of Shallya;Bitter Catharsis;225.0
Bestiary;Pol Dankels — Human Witch;Black Bella — Human Brigand;313.0
Rules;The Litany of Pestilence;(The) Black Plague;186.0
The Consumers’ Guide;Weapon Qualities;Blackpowder;297.0
The Consumers’ Guide;Weapon Qualities;Blackpowder and Explosives;297.0
Glorious Reikland;The Bastions and Fortresses;Blackstone Tower;284.0
Magic;Arcane Spells;Blast;243.0
The Consumers’ Guide;Weapon Qualities;Blast;297.0
Rules;Master Talent List;Blather;133.0
Religion and Belief;Miracles of Myrmidia;Blazing Sun;223.0
Rules;Master Condition List;Bleeding;168.0
Rules;Master Talent List;Bless;134.0
Bestiary;Creature Traits;Blessed;338.0
Religion and Belief;Sin Points;(The) Blessed;217.0
Religion and Belief;Success Levels;Blessings;220.0
Religion and Belief;Sin Points;Blessings and Miracles;217.0
Religion and Belief;Success Levels;Blessings by Cult;220.0
Religion and Belief;Success Levels;Blessing of Battle;221.0
Religion and Belief;Success Levels;Blessing of Breath;221.0
Religion and Belief;Success Levels;Blessing of Charisma;221.0
Religion and Belief;Success Levels;Blessing of Conscience;221.0
Religion and Belief;Success Levels;Blessing of Courage;221.0
Religion and Belief;Success Levels;Blessing of Finesse;221.0
Religion and Belief;Success Levels;Blessing of Fortune;221.0
Religion and Belief;Success Levels;Blessing of Grace;221.0
Religion and Belief;Success Levels;Blessing of Hardiness;221.0
Religion and Belief;Success Levels;Blessing of Healing;221.0
Religion and Belief;Success Levels;Blessing of The Hunt;221.0
Religion and Belief;Success Levels;Blessing of Might;221.0
Religion and Belief;Success Levels;Blessing of Protection;221.0
Religion and Belief;Success Levels;Blessing of Recuperation;221.0
Religion and Belief;Success Levels;Blessing of Righteousness;221.0
Religion and Belief;Success Levels;Blessing of Savagery;221.0
Religion and Belief;Success Levels;Blessing of Tenacity;221.0
Religion and Belief;Success Levels;Blessing of Wisdom;221.0
Religion and Belief;Success Levels;Blessing of Wit;221.0
Magic;The Lore of Witchcraft;Blight;255.0
Rules;Symptoms;Blight;188.0
Religion and Belief;Miracles of Verena;Blind Justice;228.0
Rules;Master Condition List;Blinded;168.0
Magic;The Lore of Light;Blinding Light;252.0
Rules;The Litany of Pestilence;Blood Rot;186.0
Bestiary;Daemonettes of Slaanesh;Bloodletter of Khorne;335.0
Glorious Reikland;The Rivers, Canals, and Lakes;Bloodpine Woods;269.0
Rules;The Litany of Pestilence;(The) Bloody Flux;186.0
Bestiary;Boars;Boar;314.0
Class and Careers;Boatman;Boatman;93.0
Bestiary;Demigryphs;Bog Octopuses;318.0
Glorious Reikland;The Rivers, Canals, and Lakes;(The) Bögen;269.0
Glorious Reikland;Altdorf and the Manifold Towns;Bögenhafen;280.0
Magic;Arcane Spells;Bolt;243.0
Rules;Master Talent List;Bookish;134.0
The Consumers’ Guide;Books and Documents;Books and Documents;304.0
Bestiary;Creature Traits;Bounce;338.0
Class and Careers;Bounty Hunter;Bounty Hunter;85.0
Bestiary;Bray-Shaman;Bray-Shaman;332.0
Rules;Master Talent List;Break and Enter;134.0
Magic;Arcane Spells;Breath;243.0
Bestiary;Creature Traits;Breath;338.0
Rules;Master Talent List;Briber;134.0
Rules;Master Skill List;Bribery;120.0
Magic;Arcane Spells;Bridge;243.0
Character;Bringing Your Character to Life;Bringing Your Character to Life;42.0
Rules;Master Condition List;Broken;168.0
Rules;Torn Muscles;Broken Bones;179.0
Bestiary;Creature Traits;Brute;338.0
Rules;Symptoms;Buboes;188.0
The Consumers’ Guide;Weapons;Bulky;293.0
Character;Class and Career;Burghers;30.0
Class and Careers;Scholar;Burghers;59.0
Character;Class and Career;But I want to play a Wood Elf Flagellant;32.0
Bestiary;Cairn Wraiths;Cairn Wraith;329.0
Rules;Custom Psychology;(Example:) Camaraderie;191.0
Rules;Master Talent List;Cardsharp;134.0
Character;Class and Career;Career;32.0
Class and Careers;Earning Money with Status;Career Format;52.0
Class and Careers;Advancing Through Your Career;Career Levels;47.0
Class and Careers;Careers;Careers;46.0
Magic;Petty Spells;Careful Step;240.0
Rules;Master Talent List;Careful Strike;134.0
Magic;The Lore of Death;Caress of Laniph;246.0
Rules;Master Talent List;Carouser;134.0
Magic;Casting Test;Casting Test;234.0
Glorious Reikland;The Ancient Sites and Terrible Ruins;Castle Drachenfels;287.0
Rules;Master Talent List;Catfall;134.0
Rules;Master Talent List;Cat-tongued;134.0
Religion and Belief;Miracles of Ranald;Cat’s Eyes;224.0
Magic;The Lore of Fire;Cauterise;247.0
The Consumers’ Guide;Melee Weapon Groups;Cavalry;296.0
Class and Careers;Cavalryman;Cavalryman;109.0
Bestiary;Demigryphs;Cave Squig;318.0
Magic;The Lore of Metal;Cerulean Shield;249.0
Magic;Arcane Spells;Chain Attack;243.0
Rules;Master Talent List;Champion;134.0
Bestiary;Creature Traits;Champion;338.0
Rules;Master Skill List;Channelling;120.0
Magic;Using Warpstone;(Critical) Channelling;237.0
Magic;Using Warpstone;Channelling Test;237.0
Class and Careers;Changing Career;Changing Career;48.0
Between Adventures;General Endeavours;Changing Career;196.0
Class and Careers;Tiers and Standing;Changing to a New Career;49.0
Class and Careers;Changing Career;Changing to a New Level;48.0
Religion and Belief;The Cults;(The) Chaos Gods;203.0
Religion and Belief;Sin Points;(The) Chaos Gods;217.0
Rules;Master Talent List;Chaos Magic;134.0
Magic;Lore of Tzeentch;Chaos Magic;257.0
Bestiary;Chaos Warriors;Chaos Warrior;334.0
Character;Species;Character;24.0
Character;Species;(Creating a) Character;24.0
The GameMaster;Character Creation;Character Creation;259.0
Character;Species;Character Creation Summary;24.0
Character;Skills and Talents;Characteristic Advances;35.0
Class and Careers;Advancing Through Your Career;Characteristic Advances;47.0
Character;Finished!;Characteristic and Skill Improvement XP Cost Table;43.0
Class and Careers;Advancing Through Your Career;Characteristic and Skill Improvement XP Cost Table;47.0
Character;Attributes;Characteristic Bonuses;34.0
Rules;Difficulty;Characteristic Tests;153.0
Character;Attributes;Characteristics;33.0
Character;Attributes;(Determining) Characteristics;33.0
Rules;Moving During Combat;Charging;165.0
Class and Careers;Charlatan;Charlatan;102.0
Class and Careers;The Effects of Status;Charm;50.0
Rules;Master Skill List;Charm;120.0
Rules;Master Skill List;Charm Animal;121.0
Rules;Master Condition List;(Options:) Chase Complication;167.0
Bestiary;Creature Traits;Chill Grasp;338.0
Magic;The Lore of Shadows;Choking Shadows;253.0
Introduction;A Letter Concerning the Empire;(The) Cities and Towns;22.0
Bestiary;Rat Ogres;Clanrat;337.0
Magic;The Lore of Light;Clarity of Thought;252.0
Character;Class and Career;Class;31.0
Character;Class and Career;Class and Career;30.0
Class and Careers;Careers;Class and Careers;46.0
Character;Class and Career;(Random) Class and Career Table;30.0
Class and Careers;Careers;Classes;46.0
Bestiary;Creature Traits;Clever;338.0
Rules;Master Skill List;Climb;121.0
Rules;Moving During Combat;Climbing;165.0
The Consumers’ Guide;Criminal Coinage;Clipping;289.0
The Consumers’ Guide;Food, Drink, and Lodging;Clothing and Accessories;302.0
Class and Careers;Coachman;Coachman;86.0
Bestiary;Creature Traits;Cold-blooded;339.0
Introduction;A Letter Concerning the Empire;(The) Colleges of Magic;21.0
Magic;Overcasting;(The) Colleges of Magic and Petty Spells;239.0
Magic;The Lore of Beasts;Colour Magic;245.0
Rules;Surprise;(Rounds Outside) Combat;156.0
Rules;Master Talent List;Combat Aware;134.0
Rules;Combat Difficulty;Combat Difficulty;161.0
Rules;Attacking;(Default) Combat Difficulty;158.0
Rules;Master Talent List;Combat Reflexes;135.0
Rules;Surprise;Combat Summary;156.0
Between Adventures;Class Endeavours;Combat Training;200.0
Rules;Master Talent List;Commanding Presence;135.0
Between Adventures;General Endeavours;Commission;197.0
Class and Careers;Changing Career;Completing a Career;48.0
Rules;Master Skill List;Combat;118.0
Rules;Surprise;Combat;156.0
Rules;Combat Difficulty;Combining Difficulties;162.0
Rules;Assistance;(Options:) Combining Skills;155.0
Magic;The Lore of Metal;Comet of Casandora;249.0
Rules;Master Talent List;Concoct;135.0
Rules;Master Condition List;(Master) Condition List;167.0
Rules;Master Condition List;Conditions;167.0
Rules;Master Condition List;(Multiple) Conditions;167.0
Rules;Master Condition List;Conditions and Resolve;167.0
Magic;Petty Spells;Conserve;240.0
Bestiary;Creature Traits;Constrictor;339.0
Bestiary;Creature Traits;Construct;339.0
Between Adventures;General Endeavours;Consult an Expert;197.0
Rules;Master Skill List;Consume Alcohol;121.0
The Consumers’ Guide;Money;(The) Consumers’ Guide;288.0
Rules;Master Talent List;Contortionist;135.0
Rules;Symptoms;Convulsions;188.0
Rules;Master Skill List;Cool;121.0
Rules;Master Talent List;Coolheaded;135.0
Magic;Arcane Spells;Corrosive Blood;243.0
Bestiary;Creature Traits;Corrosive Blood;339.0
Bestiary;Creature Traits;Corrupted;339.0
Rules;Losing Corruption Points;Corrupting;183.0
Rules;Gaining Corruption Points;Corrupting Influences;182.0
Rules;Gaining Corruption Points;Corruption;182.0
Rules;Losing Corruption Points;Corruption Limits;183.0
Rules;Gaining Corruption Points;(Gaining) Corruption Points;182.0
Rules;Losing Corruption Points;(Losing) Corruption Points;183.0
Rules;Losing Corruption Points;(Mental) Corruption Table;185.0
Rules;Losing Corruption Points;(Physical) Corruption Table;184.0
The Consumers’ Guide;Criminal Coinage;(The) Cost of Living;289.0
Rules;Symptoms;Coughs and Sneezes;188.0
The Consumers’ Guide;Criminal Coinage;Counterfeiting;289.0
Character;Class and Career;Courtiers;30.0
Class and Careers;Townsman;Courtiers;67.0
Rules;Master Talent List;Crack the Whip;135.0
Between Adventures;General Endeavours;Crafting;197.0
The Consumers’ Guide;Item Flaws;(Options:) Crafting Guilds;292.0
Rules;Master Talent List;Craftsman;135.0
The Consumers’ Guide;Craftsmanship;Craftsmanship;291.0
Bestiary;Creature Hit Locations;Creature Hit Locations;310.0
Bestiary;Creature Traits;Creature Traits;338.0
Bestiary;Creature Hit Locations;(Generic) Creature Traits;310.0
Bestiary;Boars;(Random) Creatures and Custom PC Species;314.0
Magic;The Lore of Witchcraft;Creeping Menace;255.0
Rules;Master Talent List;Criminal;135.0
The Consumers’ Guide;Criminal Coinage;Criminal Coinage;289.0
Magic;Casting Test;Critical Casting;234.0
The Consumers’ Guide;Armour Damage;Critical Deflection;299.0
Rules;Wounds, Critical Wounds, and Death;Critical Tables;174.0
Rules;Criticals and Fumbles;Criticals;159.0
Rules;Difficulty;Criticals & Fumbles;153.0
Rules;Criticals and Fumbles;Criticals & Fumbles;159.0
The Consumers’ Guide;Weapon Qualities;Crossbows and Throwing;297.0
Magic;The Lore of Fire;Crown of Flame;247.0
Magic;The Lore of Metal;Crucible of Chamon;249.0
Bestiary;Cairn Wraiths;Crypt Ghouls;329.0
Religion and Belief;The Cult of Manann, God of the Sea;(The) Cult of Manann;205.0
Religion and Belief;The Cult of Morr, God of Death;(The) Cult of Morr;206.0
Religion and Belief;The Cult of Myrmidia, Goddess of Strategy;(The) Cult of Myrmidia;207.0
Religion and Belief;The Cult of Ranald, God of Trickery;(The) Cult of Ranald;208.0
Religion and Belief;The Cult of Rhya, Goddess of Fertility;(The) Cult of Rhya;209.0
Religion and Belief;The Cult of Shallya, Goddess of Mercy;(The) Cult of Shallya;210.0
Religion and Belief;The Cult of Sigmar, God of the Empire;(The) Cult of Sigmar;211.0
Religion and Belief;The Cult of Taal, God of the Wild;(The) Cult of Taal;212.0
Religion and Belief;The Cult of Ulric, God of War;(The) Cult of Ulric;213.0
Religion and Belief;The Cult of Verena, Goddess of Wisdom;(The) Cult of Verena;214.0
Bestiary;Cultists;Cultist;333.0
Bestiary;Cultists;Cultists, The Lost and the Damned;333.0
Religion and Belief;The Cults;(The) Cults;203.0
Religion and Belief;The Grand Conclave;(Primary) Cults of the Empire;204.0
Bestiary;Creature Traits;Cunning;339.0
Magic;The Lore of Witchcraft;Curse of Crippling Pain;255.0
Glorious Reikland;The Cursed and Fetid Marshlands;(The) Cursed and Fetid Marshlands;271.0
Magic;The Lore of Witchcraft;Curse of Ill-Fortune;255.0
Between Adventures;General Endeavours;Custom Gear;197.0
Class and Careers;Careers;(Options:) Customise Your Trappings;46.0
Bestiary;The Loathsome Ratmen;Daemon Prince;336.0
Magic;The Lore of Light;Daemonbane;252.0
Bestiary;Daemonettes of Slaanesh;Daemonette of Slaanesh;335.0
Bestiary;Creature Traits;Daemonic;339.0
Bestiary;Daemonettes of Slaanesh;Daemons, The Gibbering Hosts;335.0
Rules;Other Damage;(Other) Damage;181.0
The Consumers’ Guide;Weapon Qualities;Damaging;297.0
The Consumers’ Guide;Armour Damage;Dangerous;299.0
Rules;Gaining Corruption Points;Dark Deals;182.0
Magic;Second Sight;Dark Magic;233.0
Magic;Lore of Necromancy;Dark Magic;256.0
Magic;Arcane Spells;Dark Vision;243.0
Bestiary;Creature Traits;Dark Vision;339.0
Rules;Losing Corruption Points;Dark Whispers;183.0
Glorious Reikland;The Ancient Sites and Terrible Ruins;(The) Darkstone Ring;286.0
Magic;Petty Spells;Dart;240.0
Magic;Petty Spells;Dazzle;240.0
Rules;Master Talent List;Deadeye Shot;135.0
Rules;Master Condition List;Deafened;168.0
The Consumers’ Guide;Weapon Qualities;Defensive;298.0
Rules;Attacking;(Options: On The) Defensive;158.0
Rules;Master Talent List;Dealmaker;135.0
Rules;Wounds, Critical Wounds, and Death;Death;173.0
Rules;Wounds, Critical Wounds, and Death;(Options: Sudden) Death;173.0
Religion and Belief;Miracles of Myrmidia;Death Mask;223.0
Rules;Combat Difficulty;(Options:) Deathblow;160.0
Bestiary;Skeletons;(Options:) Dem Bones;327.0
Bestiary;Demigryphs;Demigryphs;318.0
Magic;Lore of Necromancy;Destroy Lesser Daemon;256.0
Religion and Belief;Miracles of Myrmidia;Destroy Undead;223.0
Rules;Master Talent List;Detect Artefact;135.0
Magic;Lore of Necromancy;Detect Daemon;256.0
Rules;Criticals and Fumbles;Determine Damage;159.0
Rules;Criticals and Fumbles;Determine Hit Location;159.0
Character;Attributes;Dexterity (Dex);34.0
Rules;Master Talent List;Diceman;135.0
Bestiary;Creature Traits;Die Hard;339.0
Glorious Reikland;Altdorf and the Manifold Towns;Diesdorf;280.0
Rules;Difficulty;Difficulty;153.0
Rules;Difficulty;Difficulty Table;153.0
Bestiary;Dire Wolves;Dire Wolf;328.0
Glorious Reikland;Altdorf and the Manifold Towns;Dirty Business;280.0
Rules;Master Talent List;Dirty Fighting;136.0
Rules;Master Talent List;Disarm;136.0
Rules;The Litany of Pestilence;Disease and Infection;186.0
Bestiary;Creature Traits;Disease;339.0
Rules;The Litany of Pestilence;(Using) Diseases;186.0
Rules;Moving During Combat;Disengaging;165.0
Magic;Using Warpstone;Dispelling;237.0
Magic;Using Warpstone;Dispelling Persistent Spells;237.0
Rules;Losing Corruption Points;Dissolution of Body and Mind;183.0
Rules;Master Talent List;Distract;136.0
The Consumers’ Guide;Weapon Qualities;Distract;298.0
Magic;Arcane Spells;Distracting;243.0
Bestiary;Creature Traits;Distracting;339.0
Religion and Belief;Success Levels;Divine Manifestations;221.0
Religion and Belief;Success Levels;Divine Servants;220.0
Between Adventures;General Endeavours;Do Me a Favour!;198.0
Rules;Master Skill List;Dodge;122.0
Bestiary;Giant Spiders;Dogs;315.0
Magic;Arcane Spells;Dome;243.0
Magic;The Lore of Shadows;Doppelganger;253.0
Rules;Master Talent List;Doomed;136.0
Religion and Belief;Miracles of Myrmidia;Dooming;223.0
Glorious Reikland;The Grim, Dark Forests;Drachenberg;268.0
Bestiary;Fenbeasts;Dragons;319.0
Magic;Petty Spells;Drain;240.0
Rules;Master Talent List;Drilled;136.0
Rules;Master Skill List;Drive;122.0
Magic;Arcane Spells;Drop;243.0
Religion and Belief;Miracles of Manann;Drowned Man’s Face;222.0
Rules;Other Damage;Drowning and Suffocation;181.0
The Consumers’ Guide;Drugs and Poisons;Drugs and Poisons;306.0
Rules;Master Talent List;Dual Wielder;136.0
Class and Careers;Duellist;Duellist;71.0
Glorious Reikland;Altdorf and the Manifold Towns;Dunkelberg;281.0
The Consumers’ Guide;Item Flaws;Durable;292.0
Magic;Casting Test;Duration;236.0
Between Adventures;Duties & Responsibilities;Duties & Responsibilities;195.0
Bestiary;The Peoples of the Reikland;Dwarf;311.0
Religion and Belief;Halfling Gods;Dwarf Priests;215.0
Character;Species;Dwarfs;25.0
Religion and Belief;Halfling Gods;Dwarven Ancestor Gods;215.0
Religion and Belief;Halfling Gods;(Primary) Dwarf Gods Table;216.0
Magic;The Lore of Death;Dying Words;246.0
Religion and Belief;Miracles of Myrmidia;Eagle’s Eye;223.0
Rules;Amputated Parts;Ear;180.0
Magic;The Lore of Life;Earthblood;251.0
Magic;The Lore of Life;Earthpool;251.0
Magic;Petty Spells;Eavesdrop;241.0
Magic;The Eight Lores;(The) Eight Lores;230.0
Glorious Reikland;Altdorf and the Manifold Towns;Eilhart;281.0
Bestiary;The Peoples of the Reikland;Elf (High and Wood);311.0
Character;Adding Detail;Elf Epithets;38.0
Between Adventures;General Endeavours;Elf Esteem;196.0
Bestiary;Creature Traits;Elite;339.0
Religion and Belief;Halfling Gods;Elven Gods;215.0
Religion and Belief;Halfling Gods;(Primary) Elven Gods Table;216.0
Magic;Second Sight;Elven Magic;233.0
Religion and Belief;Halfling Gods;Elven Priests;215.0
Rules;Master Talent List;Embezzle;136.0
Magic;The Lore of Metal;Enchant Weapon;250.0
Rules;Master Talent List;Enclosed Fighter;137.0
Rules;Gaining Corruption Points;(Options:) Encroaching Darkness…;182.0
The Consumers’ Guide;Weapons;Encumbrance;293.0
The Consumers’ Guide;Weapons;Encumbrance and Attributes;293.0
The Consumers’ Guide;Weapons;Encumbrance and Travel Fatigue;293.0
The Consumers’ Guide;Weapons;Encumbrance Examples;293.0
Between Adventures;Duties & Responsibilities;Endeavours;195.0
Between Adventures;Class Endeavours;(Class) Endeavours;200.0
Between Adventures;General Endeavours;(General) Endeavours;196.0
Rules;Master Skill List;Endurance;122.0
Bestiary;Cultists;(Options: The) Enemies Within;333.0
Rules;Criticals and Fumbles;Engaged;159.0
Class and Careers;Engineer;Engineer;54.0
The Consumers’ Guide;Weapon Qualities;Engineering;297.0
Magic;Arcane Spells;Entangle;244.0
The Consumers’ Guide;Weapon Qualities;Entangle;298.0
Rules;Master Condition List;Entangled;168.0
Class and Careers;Earning Money with Status;Entertain;51.0
Rules;Master Skill List;Entertain;122.0
Class and Careers;Entertainer;Entertainer;87.0
Class and Careers;Envoy;Envoy;72.0
Bestiary;Creature Traits;Ethereal;339.0
Rules;Master Talent List;Etiquette;137.0
Rules;Master Skill List;Evaluate;122.0
Between Adventures;Events;Events;192.0
Between Adventures;Events;Events Table;193.0
Magic;Lore of Necromancy;(The) Evil Eye;256.0
Rules;Other Damage;Exposure;181.0
Rules;Difficulty;Extended Tests;154.0
Rules;Assistance;Extended Tests and 0 SL;155.0
Rules;Amputated Parts;Eye;180.0
Character;Adding Detail;Eye Colour;40.0
Character;Adding Detail;Eye Colour Table;40.0
Religion and Belief;Miracles of Manann;Fair Winds;222.0
Rules;Pursuit;Falling;166.0
The Consumers’ Guide;Weapon Qualities;Fast;298.0
Bestiary;Creature Traits;Fast;339.0
Rules;Master Talent List;Fast Hands;137.0
Rules;Master Talent List;Fast Shot;137.0
Rules;Dramatic Tests;(Options:) Fast SL;152.0
Magic;The Lore of Life;Fat of the Land;251.0
Rules;Fate and Fortune;(Spending) Fate;170.0
Rules;Fate and Fortune;Fate and Fortune;170.0
Rules;Resilience and Resolve;(Regaining) Fate and Fortune;171.0
Character;Attributes;Fate & Fortune, Resilience & Resolve;34.0
Rules;Fate and Fortune;Fate & Resilience;170.0
Character;Attributes;(Determining) Fate & Resilience;34.0
Magic;The Lore of Metal;Fate’s Fickle Fingers;249.0
Rules;Master Condition List;Fatigued;169.0
Rules;Psychological Traits;Fear (Rating);190.0
Bestiary;Creature Traits;Fear (Rating);339.0
Rules;Master Talent List;Fearless;137.0
Magic;Arcane Spells;Fearsome;244.0
Magic;The Lore of Metal;Feather of Lead;250.0
Rules;Master Talent List;Feint;137.0
Character;Attributes;Fellowship (Fel);34.0
Bestiary;Fenbeasts;Fenbeast;319.0
Class and Careers;Fence;Fence;103.0
Rules;The Litany of Pestilence;Festering Wound;187.0
Rules;Symptoms;Fever;188.0
Rules;Master Talent List;Field Dressing;138.0
Bestiary;Giants;Fimir;320.0
The Consumers’ Guide;Item Flaws;Fine;292.0
Rules;Amputated Parts;Fingers;180.0
Magic;The Lore of Metal;Firewall;248.0
Magic;The Lore of Metal;(The) First Portent of Amul;249.0
Rules;Master Talent List;Fisherman;138.0
Class and Careers;Flagellant;Flagellant;88.0
Rules;Master Talent List;Flagellant;138.0
The Consumers’ Guide;Melee Weapon Groups;Flail;296.0
Magic;The Lore of Metal;Flaming Hearts;248.0
Magic;The Lore of Metal;Flaming Sword of Rhuin;248.0
Rules;Master Talent List;Flee!;138.0
Rules;Moving During Combat;Fleeing;165.0
Rules;Master Talent List;Fleet Footed;138.0
The Consumers’ Guide;Armour Qualities;Flexible;300.0
Magic;Arcane Spells;Flight;244.0
Bestiary;Creature Traits;Flight;339.0
Magic;The Lore of Beasts;Flock of Doom;245.0
Rules;Symptoms;Flux;189.0
Between Adventures;General Endeavours;Flying Solo;196.0
Between Adventures;Class Endeavours;Foment Dissent;200.0
The Consumers’ Guide;Food, Drink, and Lodging;Food, Drink, and Lodging;302.0
Magic;The Lore of Metal;Fool’s Gold;250.0
Rules;Amputated Parts;Foot;180.0
Magic;The Lore of Life;Forest of Thorns;251.0
Magic;The Lore of Metal;Forge of Chamon;250.0
Introduction;A Letter Concerning the Empire;Forget What You Know;20.0
Rules;Fate and Fortune;(Spending) Fortune;170.0
Character;Attributes;(Determining) Fortune and Resolve;34.0
Bestiary;Creature Traits;Free Attacks;338.0
Rules;Master Talent List;Frenzy;138.0
Rules;Psychological Traits;Frenzy;190.0
Bestiary;Creature Traits;Frenzy;339.0
Rules;Master Talent List;Frightening;138.0
Magic;Using Warpstone;Fumble;237.0
Magic;Casting Test;Fumbled Casting;236.0
Rules;Combat Difficulty;Fumbles;160.0
Rules;Master Talent List;Furious Assault;138.0
Bestiary;Creature Traits;Fury;339.0
Religion and Belief;Miracles of Ranald;Fury’s Call;224.0
Rules;The Litany of Pestilence;Galloping Trots;187.0
Rules;Master Skill List;Gamble;122.0
Introduction;Using This Book;Game Text;7.0
Magic;Lore of Tzeentch;(The) Gamemaster;258.0
Rules;Symptoms;Gangrene;189.0
Rules;Master Skill List;(Options:) Gathering Food and Herbs;127.0
Class and Careers;Earning Money with Status;Gendered Career Names;52.0
The GameMaster;Character Creation;General Advice;259.0
Rules;Master Condition List;(Options:) Getting Tired;168.0
Bestiary;Gors;Ghost;331.0
Bestiary;Creature Traits;Ghostly Howl;340.0
Bestiary;Giants;Giant;320.0
Magic;The Lore of Metal;Glittering Robe;250.0
The GameMaster;After the Game;Glorious Reikland;266.0
Bestiary;Snotlings;Goblins;326.0
Introduction;A Letter Concerning the Empire;(The) Gods;21.0
Religion and Belief;Other Pantheons;(The) Gods;202.0
Religion and Belief;Other Pantheons;(The Classical) Gods;202.0
Religion and Belief;Other Pantheons;(The Old) Gods;202.0
Religion and Belief;Other Pantheons;(The Provincial) Gods;202.0
Religion and Belief;The Cults;Gods of Reikland Table;203.0
Religion and Belief;Other Pantheons;Gods of the Empire;202.0
Religion and Belief;The Grand Conclave;(Primary) Gods of the Empire;204.0
The Consumers’ Guide;Criminal Coinage;Going to Market;289.0
Rules;Simple Tests;(The) Golden Rule;149.0
Magic;The Lore of Hedgecraft;Goodwill;254.0
Bestiary;Gors;Gors;331.0
Class and Careers;Earning Money with Status;Gossip;51.0
Rules;Master Skill List;Gossip;123.0
Religion and Belief;The Grand Conclave;(The) Grand Conclave;204.0
Rules;Mounted Combat;Grappling;163.0
Rules;Mounted Combat;(Options:) Grappling With Skills;163.0
Class and Careers;Grave Robber;Grave Robber;104.0
Rules;Automatic Failure and Success;Great Game Rules;151.0
Magic;The Lore of Metal;Great Fires of U’Zhul;248.0
Bestiary;Orcs;(The) Greenskin Hordes;325.0
Rules;Master Talent List;Gregarious;138.0
Glorious Reikland;and Vorbergland;(The) Grey Mountains;267.0
Bestiary;Hippogryphs;Griffon;321.0
Glorious Reikland;The Grim, Dark Forests;(The) Grim, Dark Forests;268.0
Magic;Casting Test;Grimoires;236.0
Glorious Reikland;The Rivers, Canals, and Lakes;(The) Grissenwald;269.0
Glorious Reikland;The Cursed and Fetid Marshlands;Grootscher Marsh;271.0
Rules;Master Skill List;Grouped Skills and Specialisation;118.0
Glorious Reikland;Altdorf and the Manifold Towns;Grünburg;281.0
Glorious Reikland;The Rivers, Canals, and Lakes;(The) Grünberg Canal;270.0
Class and Careers;Guard;Guard;110.0
The Consumers’ Guide;Trade Tools and Workshops;(Options:) Guilders;305.0
Rules;Master Talent List;Gunner;138.0
Magic;Petty Spells;Gust;241.0
The Consumers’ Guide;Weapon Qualities;Hack;298.0
Glorious Reikland;and Vorbergland;(The) Hägercrybs;267.0
Rules;Master Skill List;Haggle;123.0
Character;Adding Detail;Hair Colour;40.0
Character;Adding Detail;Hair Colour Table;40.0
Rules;Master Skill List;Half-heard Whispers;123.0
Bestiary;The Peoples of the Reikland;Halfling;311.0
Character;Adding Detail;Halfling Clan Names;39.0
Religion and Belief;Halfling Gods;Halfling Gods;215.0
Religion and Belief;Halfling Gods;(Primary) Halfling Gods Table;216.0
Religion and Belief;Halfling Gods;Halfling Priests;215.0
Character;Species;Halflings;26.0
Bestiary;Ogres;Halflings and Ogres;312.0
Rules;Amputated Parts;Hand;180.0
Rules;Master Talent List;Hardy;138.0
Bestiary;Creature Traits;Hardy;340.0
Rules;Master Talent List;Hatred;138.0
Rules;Psychological Traits;Hatred (Target);190.0
Bestiary;Creature Traits;Hatred (Target);340.0
Magic;Lore of Necromancy;Haunting Horror;256.0
Rules;Master Skill List;Heal;123.0
Rules;Other Damage;Healing;181.0
Rules;Other Damage;Healing Critical Wounds;181.0
Rules;Torn Muscles;Healing Hands;179.0
Magic;The Lore of Light;Healing Light;252.0
Rules;Other Damage;Healing Wounds;181.0
Class and Careers;Hedge Witch;Hedge Witch;78.0
Religion and Belief;Miracles of Sigmar;Heed Not the Witch;226.0
Character;Adding Detail;Height;40.0
Glorious Reikland;The Villages, Hamlets, and Holy Places;Helmgart;285.0
Rules;Combat Difficulty;Helpless Targets;162.0
Glorious Reikland;The Ancient Sites and Terrible Ruins;Helspire;287.0
The Consumers’ Guide;Henchmen;Henchmen;309.0
Class and Careers;Herbalist;Herbalist;79.0
The Consumers’ Guide;Herbs and Draughts;Herbs and Draughts;307.0
Character;Species;High Elves;27.0
Glorious Reikland;Reikland Council;(The) High Lords of the Reikland;276.0
Bestiary;Hippogryphs;Hippogryph;321.0
The Consumers’ Guide;Henchmen;Hirelings;309.0
The Consumers’ Guide;Henchmen;(Sample) Hirelings;309.0
Rules;Criticals and Fumbles;Hit Locations Table;159.0
Bestiary;Creature Hit Locations;(Alternative) Hit Locations;310.0
Religion and Belief;Miracles of Ulric;Hoarfrost’s Chill;227.0
Glorious Reikland;Altdorf and the Manifold Towns;Holthusen;281.0
Rules;Master Talent List;Holy Hatred;138.0
Religion and Belief;The Cults;Holy Sites;203.0
Rules;Master Talent List;Holy Visions;138.0
Bestiary;Creature Traits;Horns;340.0
Bestiary;Snakes;Horses;316.0
Rules;Master Condition List;How Much Rest ?;169.0
Religion and Belief;Miracles of Ulric;Howl of the Wolf;227.0
Class and Careers;Huffer;Huffer;94.0
Bestiary;The Peoples of the Reikland;Human;311.0
Character;Species;Humans (Reiklander);25.0
Bestiary;Creature Traits;Hungry;340.0
Class and Careers;Hunter;Hunter;80.0
Rules;Master Talent List;Hunter’s Eye;138.0
Magic;The Lore of Death;Hunter’s Hide;246.0
Bestiary;Jabberslythes;Hydra;322.0
Rules;Master Skill List;I Saw The Sign;130.0
Magic;The Lore of Shadows;Illusion;253.0
Bestiary;Creature Traits;Immunity;340.0
Bestiary;Creature Traits;Immunity to Psychology;340.0
The Consumers’ Guide;Weapon Qualities;Impact;298.0
The Consumers’ Guide;Weapon Qualities;Impale;298.0
Rules;Master Talent List;Impassioned Zeal;139.0
The Consumers’ Guide;Armour Qualities;Impenetrable;300.0
Rules;Master Talent List;Implacable;139.0
The Consumers’ Guide;Armour Damage;Imprecise;299.0
Character;Finished!;(Other) Improvement Costs Table;43.0
Rules;Master Talent List;In-fighter;139.0
Between Adventures;General Endeavours;Income;198.0
Bestiary;Creature Traits;Infected;340.0
Bestiary;Creature Traits;Infestation;340.0
Magic;Casting Test;Ingredients;236.0
Rules;Wounds, Critical Wounds, and Death;Injury;172.0
Rules;Master Talent List;Inspiring;139.0
Religion and Belief;Miracles of Ranald;Inspiring;224.0
Rules;Master Talent List;Instinctive Diction;139.0
Character;Attributes;Initiative (I);34.0
Rules;Surprise;Initiative Order;156.0
Rules;Surprise;(Roll For) Initiative!;156.0
Character;Attributes;Intelligence (Int);34.0
Magic;Using Warpstone;Interruptions;237.0
Class and Careers;Earning Money with Status;Intimidate;51.0
Rules;Master Skill List;Intimidate;123.0
Introduction;Using This Book;Introduction;6.0
Rules;Master Skill List;Intuition;124.0
Between Adventures;General Endeavours;Invent!;199.0
Rules;Master Talent List;Invoke;139.0
Class and Careers;Investigator;Investigator;64.0
Rules;Master Talent List;Iron Jaw;139.0
Rules;Master Talent List;Iron Will;140.0
Rules;The Litany of Pestilence;Itching Pox;187.0
The Consumers’ Guide;Item Flaws;Item Flaws;292.0
The Consumers’ Guide;Item Flaws;Item Qualities;292.0
Religion and Belief;Sin Points;It’s a Sin!;217.0
Bestiary;Jabberslythes;Jabberslythe;322.0
Rules;Master Talent List;Jump Up;140.0
Class and Careers;Earning Money with Status;Keeping Up Appearances;51.0
Glorious Reikland;Altdorf and the Manifold Towns;Kemperbad;282.0
Religion and Belief;Miracles of Ulric;King of the Wild;227.0
Rules;Master Talent List;Kingpin;140.0
Class and Careers;Knight;Knight;111.0
Rules;Master Skill List;Language;124.0
Magic;The Eight Lores;(The) Language of Magick;230.0
Rules;Master Skill List;Languages of the Old World Table;125.0
Religion and Belief;Miracles of Myrmidia;Last Rites;223.0
Between Adventures;Class Endeavours;(The) Latest News;201.0
Introduction;A Letter Concerning the Empire;(The) Law;23.0
Class and Careers;Lawyer;Lawyer;55.0
Bestiary;Creature Traits;Leader;340.0
Class and Careers;Earning Money with Status;Leadership;51.0
Rules;Master Skill List;Leadership;126.0
Rules;Pursuit;Leaping;166.0
Rules;Pursuit;Leaping, and Falling;166.0
Religion and Belief;Miracles of Ulric;Leaping Stag;227.0
Rules;Amputated Parts;Leg;180.0
Introduction;A Letter Concerning the Empire;Letter on the Empire;20.0
Magic;The Lore of Life;Lie of the Land;251.0
Glorious Reikland;and Vorbergland;Lie of the Land;267.0
Magic;The Lore of Light;Lifebloom;252.0
Magic;Petty Spells;Light;241.0
Rules;Master Talent List;Lightning Reflexes;140.0
The Consumers’ Guide;Item Flaws;Lightweight;292.0
Magic;Casting Test;Limitations;236.0
Rules;Symptoms;Lingering;189.0
Rules;Master Talent List;Linguistics;140.0
Rules;Master Talent List;Lip Reading;140.0
Rules;The Litany of Pestilence;(The) Litany of Pestilence;186.0
Religion and Belief;The Grand Conclave;(Options:) Little Prayers;204.0
Bestiary;The Loathsome Ratmen;(The) Loathsome Ratmen;336.0
Rules;Master Skill List;Locks and Lock Picks;127.0
Rules;Resilience and Resolve;Long Gaming Sessions;171.0
Religion and Belief;Miracles of Ulric;Lord of the Hunt;227.0
Rules;Master Skill List;Lore;126.0
Magic;The Eight Lores;(The) Lore of Beasts;232.0
Magic;The Lore of Beasts;(The) Lore of Beasts;245.0
Magic;Lore of Necromancy;Lore of Daemonology;256.0
Magic;The Eight Lores;(The) Lore of Death;232.0
Magic;The Lore of Death;(The) Lore of Death;246.0
Magic;The Eight Lores;(The) Lore of Fire;232.0
Magic;The Lore of Fire;(The) Lore of Fire;247.0
Magic;The Eight Lores;(The) Lore of Heavens;231.0
Magic;The Lore of Metal;(The) Lore of Heavens;248.0
Magic;Second Sight;(The) Lore of Hedgecraft;233.0
Magic;The Lore of Hedgecraft;(The) Lore of Hedgecraft;254.0
Magic;The Eight Lores;(The) Lore of Life;231.0
Magic;The Lore of Life;(The) Lore of Life;251.0
Magic;The Eight Lores;(The) Lore of Light;230.0
Magic;The Lore of Light;(The) Lore of Light;252.0
Magic;The Eight Lores;(The) Lore of Metal;230.0
Magic;The Lore of Metal;(The) Lore of Metal;249.0
Magic;Lore of Necromancy;Lore of Necromancy;256.0
Magic;Lore of Tzeentch;Lore of Nurgle;257.0
Magic;The Eight Lores;(The) Lore of Shadows;231.0
Magic;The Lore of Shadows;(The) Lore of Shadows;253.0
Magic;Lore of Tzeentch;Lore of Slaanesh;257.0
Magic;Lore of Tzeentch;Lore of Tzeentch;257.0
Magic;Second Sight;(The) Lore of Witchcraft;233.0
Magic;The Lore of Witchcraft;(The) Lore of Witchcraft;255.0
Glorious Reikland;The Ancient Sites and Terrible Ruins;(The) Lorlay;287.0
Rules;Custom Psychology;(Example:) Love;191.0
Rules;Master Talent List;Luck;140.0
Magic;The Winds of Magic;Magic;229.0
Magic;Petty Spells;Magic Flame;241.0
Magic;Casting Test;Magic Missiles;236.0
Rules;Master Talent List;Magic Resistance;140.0
Bestiary;Creature Traits;Magic Resistance;340.0
Magic;Second Sight;Magic Rules;233.0
Magic;Arcane Spells;Magic Shield;244.0
Bestiary;Creature Traits;Magical;340.0
Rules;Master Talent List;Magical Sense;140.0
Rules;Master Talent List;Magnum Opus;140.0
Rules;Symptoms;Malaise;189.0
Magic;Casting Test;Malignant Influences;236.0
Religion and Belief;Miracles of Manann;Manann’s Bounty;222.0
Magic;Lore of Necromancy;Manifest Lesser Daemon;256.0
Bestiary;Pegasi;Manticore;323.0
Rules;Master Talent List;Marksman;140.0
Magic;Petty Spells;Marsh Lights;241.0
Religion and Belief;Miracles of Sigmar;Martyr;226.0
Rules;Master Talent List;Master of Disguise;140.0
Rules;Master Talent List;Master Orator;140.0
Rules;Master Talent List;Master Tradesman;140.0
Rules;Other Damage;Medical Attention;181.0
Rules;Master Skill List;Melee;126.0
The Consumers’ Guide;Melee Weapon Groups;Melee Weapon Groups;296.0
The Consumers’ Guide;Weapons;Melee Weapons Table;294.0
Magic;Casting Test;Memorising Spells;234.0
Rules;Master Talent List;Menacing;140.0
Bestiary;Creature Traits;Mental Corruption;340.0
Class and Careers;Merchant;Merchant;65.0
Class and Careers;Messenger;Messenger;89.0
Rules;Master Talent List;Mimic;141.0
Magic;The Lore of Shadows;Mindslip;253.0
Class and Careers;Miner;Miner;81.0
Rules;The Litany of Pestilence;Minor Infection;187.0
Bestiary;Bray-Shaman;Minotaurs;332.0
Religion and Belief;Miracles of Manann;Miracles;222.0
Bestiary;Creature Traits;Miracles;340.0
Religion and Belief;Miracles of Manann;Miracles of Manann;222.0
Religion and Belief;Miracles of Myrmidia;Miracles of Morr;223.0
Religion and Belief;Miracles of Myrmidia;Miracles of Myrmidia;223.0
Religion and Belief;Miracles of Ranald;Miracles of Ranald;224.0
Religion and Belief;Miracles of Shallya;Miracles of Rhya;225.0
Religion and Belief;Miracles of Shallya;Miracles of Shallya;225.0
Religion and Belief;Miracles of Sigmar;Miracles of Sigmar;226.0
Religion and Belief;Miracles of Ulric;Miracles of Taal;227.0
Religion and Belief;Miracles of Ulric;Miracles of Ulric;227.0
Religion and Belief;Miracles of Verena;Miracles of Verena;228.0
Magic;The Lore of Hedgecraft;Mirkride;254.0
Magic;Casting Test;(Major) Miscast Table;235.0
Magic;Casting Test;(Minor) Miscast Table;234.0
Rules;Combat Difficulty;Misfires!;160.0
Glorious Reikland;The Villages, Hamlets, and Holy Places;Monastery of the Holy Word;285.0
The Consumers’ Guide;Money;Money;288.0
The Consumers’ Guide;Criminal Coinage;Money Slang;289.0
Between Adventures;Duties & Responsibilities;Money to Burn;195.0
Bestiary;Basilisks;(The) Monstrous Beasts of the Reikland;317.0
Character;Attributes;(Determining) Motivation;34.0
Glorious Reikland;and Vorbergland;(The) Mountains, Foothills, and Vorbergland;267.0
Rules;Mounted Combat;Mounted Combat;163.0
Rules;Moving;Moving;164.0
Rules;Moving During Combat;Moving During Combat;165.0
Rules;Attacking;Move;158.0
Magic;Arcane Spells;Move Object;244.0
Character;Skills and Talents;Movement (M);35.0
Rules;Pursuit;Movement Modifiers;166.0
Rules;Moving During Combat;Movement Table;165.0
Magic;Arcane Spells;Mundane Aura;244.0
Magic;Petty Spells;Murmured Whisper;241.0
Magic;The Lore of Metal;Mutable Metal;250.0
Bestiary;Cultists;Mutant;333.0
Bestiary;Creature Traits;Mutation;340.0
Class and Careers;Mystic;Mystic;82.0
Magic;The Lore of Shadows;Mystifying Miasma;253.0
Character;Adding Detail;Name;37.0
Character;Adding Detail;(Clan) Name;38.0
Character;Adding Detail;(Elf) Name Generator;39.0
Character;Adding Detail;(Dwarf) Names;38.0
Character;Adding Detail;(Elf) Names;38.0
Character;Adding Detail;(Halfling) Names;39.0
Character;Adding Detail;(Human Reiklander) Names;37.0
Character;Adding Detail;(Human) Names and their Origins;38.0
Rules;Symptoms;Nausea;189.0
Rules;Master Skill List;Navigation;126.0
Character;Party;(Options:) Nefarious Plans;41.0
Magic;The Lore of Hedgecraft;Nepenthe;254.0
Magic;The Lore of Light;Net of Amyntok;252.0
Rules;Master Talent List;Night Vision;141.0
Bestiary;Creature Traits;Night Vision;340.0
Rules;Master Talent List;Nimble Fingered;141.0
Class and Careers;Noble;Noble;73.0
Rules;Master Talent List;Noble Blood;141.0
Class and Careers;Changing Career;Non-Career Advances;48.0
Rules;Amputated Parts;Nose;180.0
Rules;Master Talent List;Nose for Trouble;141.0
Magic;The Lore of Hedgecraft;Nostrum;254.0
The Consumers’ Guide;Criminal Coinage;(The) Nuln Standard;289.0
Rules;Master Talent List;Numismatics;141.0
Class and Careers;Nun;Nun;56.0
Magic;Lore of Necromancy;Octagram;256.0
Bestiary;Ogres;Ogre;312.0
Rules;Master Talent List;Old Salt;141.0
Rules;Master Skill List;(The) Old World’s a Stage;128.0
Rules;Combat Difficulty;Oops! Table;160.0
Magic;Petty Spells;Open Lock;241.0
Rules;Difficulty;Opposed Tests;153.0
Rules;Combat Difficulty;Opposed Tests and Fumbles;160.0
Rules;Criticals and Fumbles;Opposing a Melee Attack;159.0
Bestiary;Orcs;Orcs;325.0
Religion and Belief;The Cults;Orders;203.0
Rules;Master Talent List;Orientation;141.0
Glorious Reikland;Altdorf and the Manifold Towns;Orphan White;281.0
Rules;Dramatic Tests;Outcomes Table;152.0
Rules;Master Skill List;Outdoor Survival;126.0
Class and Careers;Outlaw;Outlaw;105.0
Rules;Combat Difficulty;Outnumbering;162.0
The Consumers’ Guide;Weapons;Overburdened;293.0
Magic;Overcasting;Overcasting;238.0
The Consumers’ Guide;Weapons;Over-sized Items;293.0
Rules;The Litany of Pestilence;P Packer’s Pox;187.0
The Consumers’ Guide;Packs and Containers;Packs and Containers;301.0
Bestiary;Creature Traits;Painless;340.0
Rules;Master Talent List;Panhandle;141.0
Religion and Belief;Other Pantheons;(Other) Pantheons;202.0
The Consumers’ Guide;Melee Weapon Groups;Parry;296.0
Magic;The Lore of Witchcraft;Part the Branches;255.0
The Consumers’ Guide;Armour Qualities;Partial;300.0
Character;Party;Party;41.0
Character;Party;Party Ambitions;41.0
Character;Bringing Your Character to Life;(Achieving your) Party Ambitions;42.0
Character;Bringing Your Character to Life;(Long-Term) Party Ambitions;42.0
Character;Party;(Short-Term) Party Ambitions;41.0
Introduction;A Letter Concerning the Empire;Patrols;23.0
Character;Class and Career;Peasants;30.0
Class and Careers;Spy;Peasants;75.0
Class and Careers;Pedlar;Pedlar;90.0
Bestiary;Pegasi;Pegasi;323.0
Religion and Belief;Miracles of Ulric;Pelt of the Winter Wolf;227.0
Religion and Belief;Success Levels;Penance;220.0
The Consumers’ Guide;Weapon Qualities;Penetrating;298.0
Bestiary;Creature Hit Locations;(The) Peoples of the Reikland;310.0
Rules;Master Skill List;Perception;127.0
Rules;Master Talent List;Perfect Pitch;142.0
Rules;Master Skill List;Perform;127.0
Bestiary;Creature Traits;Petrifying Gaze;340.0
Rules;Master Talent List;Petty Magic;142.0
Magic;Petty Spells;Petty Spells;240.0
Rules;Master Talent List;Pharmacist;142.0
Magic;The Lore of Shadows;Phâ’s Protection;253.0
Rules;Custom Psychology;(Example:) Phobia;191.0
Character;Adding Detail;Physical Details;39.0
Class and Careers;Physician;Physician;57.0
Rules;Master Skill List;Pick Lock;127.0
Bestiary;Snakes;Pigeons;316.0
Rules;Master Talent List;Pilot;142.0
The Consumers’ Guide;Weapon Qualities;Pistol;298.0
Class and Careers;Pit Fighter;Pit Fighter;112.0
Rules;Master Skill List;Play;128.0
Rules;Master Condition List;Poisoned;169.0
Bestiary;Pol Dankels — Human Witch;Pol Dankels — Human Witch;313.0
Glorious Reikland;Reikland Council;Politics;276.0
Religion and Belief;Miracles of Myrmidia;Portal’s Threshold;223.0
Introduction;A Letter Concerning the Empire;(The) Powers That Be;22.0
Rules;Symptoms;Pox;189.0
The Consumers’ Guide;Item Flaws;Practical;292.0
Rules;Master Skill List;Pray;128.0
Religion and Belief;Sin Points;Prayers;217.0
Religion and Belief;Wrath of the Gods;(Options:) Preach It, Sister!;218.0
The Consumers’ Guide;Weapon Qualities;Precise;298.0
Rules;Psychological Traits;Prejudice (Target);190.0
Bestiary;Creature Traits;Prejudice (Target);340.0
Class and Careers;Priest;Priest;58.0
Magic;Petty Spells;Produce Small Animal;241.0
Rules;Master Condition List;Prone;169.0
The Consumers’ Guide;Miscellaneous Trappings;Prosthetics;308.0
Class and Careers;Protagonist;Protagonist;113.0
Magic;Petty Spells;Protection from Rain;241.0
Magic;The Lore of Witchcraft;Protective Charm;255.0
Rules;Psychological Traits;Psychological Traits;190.0
Rules;Psychological Traits;Psychology;190.0
Rules;Custom Psychology;(Custom) Psychology;191.0
Character;Finished!;(Options:) Psychology;43.0
Rules;Psychological Traits;Psychology Test;190.0
Rules;Master Talent List;Public Speaker;142.0
Rules;Master Skill List;Public Speaking;120.0
Rules;Wounds, Critical Wounds, and Death;Pulling Your Blows;173.0
The Consumers’ Guide;Weapon Qualities;Pummel;298.0
Rules;Master Talent List;Pure Soul;142.0
Magic;The Lore of Metal;Purge;248.0
Magic;Petty Spells;Purify Water;241.0
Magic;The Lore of Death;Purple Pall of Shyish;246.0
Rules;Pursuit;Pursuit;166.0
Magic;Arcane Spells;Push;244.0
Class and Careers;Racketeer;Racketeer;106.0
Magic;Lore of Necromancy;Raise Dead;256.0
Religion and Belief;Miracles of Ranald;Ranald’s Grace;224.0
Character;Species;Random Species Table;24.0
Rules;Master Skill List;Ranged;128.0
Bestiary;Creature Traits;Ranged;340.0
Rules;Combat Difficulty;Ranged Combat;160.0
The Consumers’ Guide;Weapon Qualities;Ranged Weapon Groups;297.0
The Consumers’ Guide;Weapons;Ranged Weapons Table;295.0
Character;Class and Career;Rangers;30.0
Class and Careers;Scout;Rangers;83.0
Rules;Master Talent List;Rapid Reload;142.0
Class and Careers;Rat Catcher;Rat Catcher;66.0
Bestiary;Rat Ogres;Rat Ogres;337.0
Bestiary;Giant Spiders;(Giant) Rats;315.0
Rules;The Litany of Pestilence;Ratte Fever;187.0
Rules;Master Talent List;Reaction Strike;142.0
Rules;Master Talent List;Read/Write;142.0
Magic;Lore of Necromancy;Reanimate;256.0
Bestiary;Creature Traits;Rear;340.0
The GameMaster;After the Game;Recovering Fate and Resilience;264.0
Magic;The Lore of Light;Regenerate;252.0
Bestiary;Creature Traits;Regenerate;341.0
Glorious Reikland;The Rivers, Canals, and Lakes;(The) Reik;269.0
Glorious Reikland;The Cursed and Fetid Marshlands;Reiker Marshes;271.0
Glorious Reikland;Reikland Council;Reikland Council;276.0
Glorious Reikland;The Reikland Estates;(The) Reikland Diet;277.0
Glorious Reikland;Altdorf and the Manifold Towns;(Sample) Reikland Estate;278.0
Glorious Reikland;The Reikland Estates;(The) Reikland Estates;277.0
Glorious Reikland;The Grim, Dark Forests;(The) Reikwald;268.0
Rules;Master Talent List;Relentless;142.0
Religion and Belief;Other Pantheons;Religion and Belief;202.0
The Consumers’ Guide;Armour Damage;Reload;299.0
The Consumers’ Guide;Weapon Qualities;Repeater;298.0
Magic;Using Warpstone;Repelling the Winds;237.0
Between Adventures;Class Endeavours;Reputation;201.0
Rules;Master Skill List;Research;128.0
Rules;Master Skill List;Research and Libraries;129.0
Between Adventures;Class Endeavours;Research Lore;201.0
Rules;Master Talent List;Resistance;143.0
Rules;Resilience and Resolve;(Spending) Resilience;171.0
Rules;Resilience and Resolve;Resilience & Resolve;171.0
Rules;Wounds, Critical Wounds, and Death;(Regaining) Resilience & Resolve;172.0
Rules;Master Talent List;Resolute;143.0
Rules;Resilience and Resolve;(Spending) Resolve;171.0
Bestiary;Skeletons;(The) Restless Dead;327.0
Rules;Master Talent List;Reversal;143.0
Religion and Belief;Miracles of Shallya;Rhya’s Children;225.0
Religion and Belief;Miracles of Shallya;Rhya’s Harvest;225.0
Religion and Belief;Miracles of Shallya;Rhya’s Shelter;225.0
Religion and Belief;Miracles of Shallya;Rhya’s Succour;225.0
Religion and Belief;Miracles of Shallya;Rhya’s Touch;225.0
Religion and Belief;Miracles of Shallya;Rhya’s Union;225.0
Religion and Belief;Miracles of Ranald;Rich Man, Poor Man, Beggar Man Thief;224.0
Rules;Master Skill List;Ride;129.0
Glorious Reikland;Altdorf and the Manifold Towns;(The) Rime Tree;282.0
Rules;Master Talent List;Riposte;143.0
Rules;Master Talent List;River Guide;143.0
Character;Class and Career;Riverfolk;30.0
Class and Careers;Road Warden;Riverfolk;91.0
Glorious Reikland;The Rivers, Canals, and Lakes;(The) Rivers, Canals, and Lakes;269.0
Class and Careers;Riverwarden;Riverwarden;95.0
Class and Careers;Riverwoman;Riverwoman;96.0
Class and Careers;Road Warden;Road Warden;91.0
Rules;Master Talent List;Robust;143.0
Character;Class and Career;Rogues;30.0
Class and Careers;Stevedore;Rogues;99.0
Introduction;Using This Book;Roleplaying Games;6.0
Rules;Attacking;Roll to Hit;158.0
Glorious Reikland;The Ancient Sites and Terrible Ruins;(The) Root of The Problem;286.0
Magic;Petty Spells;Rot;241.0
Glorious Reikland;The Villages, Hamlets, and Holy Places;Rottfurt;285.0
Rules;Master Talent List;Roughrider;143.0
Rules;Master Talent List;Rover;143.0
Rules;Master Skill List;Row;129.0
Introduction;A Letter Concerning the Empire;(The) Ruinous Powers;21.0
Rules;Master Talent List;Rules;148.0
The GameMaster;Character Creation;Rules Notes;259.0
Rules;Moving During Combat;Running;165.0
Introduction;A Letter Concerning the Empire;Rural Life;22.0
Rules;Master Skill List;Sail;129.0
Magic;The Lore of Death;Sanctify;246.0
Rules;Master Talent List;Savant;143.0
Rules;Master Talent List;Savvy;144.0
Rules;Master Talent List;Scale Sheer Surface;144.0
Rules;Mounted Combat;Scatter;163.0
Glorious Reikland;Altdorf and the Manifold Towns;Schädelheim;282.0
Rules;Master Talent List;Schemer;144.0
Glorious Reikland;Altdorf and the Manifold Towns;Schilderheim;282.0
Class and Careers;Scholar;Scholar;59.0
Class and Careers;Scout;Scout;83.0
Magic;Lore of Tzeentch;Screaming Skull;257.0
Magic;The Lore of Fire;Scythe of Shyish;247.0
Rules;Master Talent List;Sea Legs;144.0
Religion and Belief;Miracles of Myrmidia;Sea Legs;223.0
Class and Careers;Seaman;Seaman;97.0
Rules;Master Talent List;Seasoned Traveller;144.0
Magic;The Lore of Metal;(The) Second Portent of Amul;249.0
Rules;Master Talent List;Second Sight;144.0
Magic;Second Sight;Second Sight;233.0
Rules;Master Talent List;Secret Identity;144.0
Rules;Master Skill List;Secret Signs;129.0
Magic;The Lore of Metal;Seers;248.0
The Consumers’ Guide;Craftsmanship;Selling;291.0
Class and Careers;Servant;Servant;74.0
Rules;Master Skill List;Set Trap;130.0
Glorious Reikland;Altdorf and the Manifold Towns;Settlements;278.0
Religion and Belief;Miracles of Verena;Shackles of Truth;228.0
Rules;Master Talent List;Shadow;144.0
Rules;Master Skill List;(Options:) Shadowing;130.0
Magic;The Lore of Shadows;Shadowsteed;253.0
Magic;The Lore of Hedgecraft;Shadowstep;254.0
Religion and Belief;Miracles of Sigmar;Shallya’s Tears;226.0
Rules;Master Talent List;Sharp;144.0
Rules;Master Talent List;Sharpshooter;145.0
Religion and Belief;Miracles of Ranald;Shield of Myrmidia;224.0
The Consumers’ Guide;Weapon Qualities;Shield;298.0
Rules;Master Talent List;Shieldsman;145.0
Magic;Arcane Spells;Shock;242.0
The Consumers’ Guide;Item Flaws;Shoddy;292.0
Rules;Combat Difficulty;Shooting into a Group;162.0
Rules;Combat Difficulty;(Options:) Shooting into Melee;162.0
The Consumers’ Guide;Craftsmanship;(Roleplaying) Shopping Trips;291.0
Glorious Reikland;The Cursed and Fetid Marshlands;Shroom Boom;271.0
Magic;The Lore of Hedgecraft;Shroud of Invisibility;254.0
Religion and Belief;Other Pantheons;Sigmar;202.0
Religion and Belief;Miracles of Sigmar;Sigmar’s Fiery Hammer;226.0
Religion and Belief;Wrath of the Gods;Sin and Wrath;218.0
Religion and Belief;Sin Points;Sin Points;217.0
Glorious Reikland;The Ancient Sites and Terrible Ruins;(The) Singing Stones;287.0
Glorious Reikland;The Ancient Sites and Terrible Ruins;(The) Sins of the Past;286.0
Rules;Master Talent List;Sixth Sense;145.0
Rules;Combat Difficulty;Size;162.0
Bestiary;Creature Traits;Size;341.0
Bestiary;Creature Traits;(Using) Size;341.0
Glorious Reikland;and Vorbergland;(The) Skaag Hills;267.0
Bestiary;Skeletons;Skeleton;327.0
Class and Careers;Advancing Through Your Career;Skill Advances;47.0
Character;Skills and Talents;(What Are) Skill Advances?;36.0
Rules;Master Skill List;(Complete) Skill List;118.0
Rules;Master Skill List;(Master) Skill List;118.0
Rules;Basic and Advanced Skills;(Determining your) Skill Level;117.0
Rules;Basic and Advanced Skills;Skills;117.0
Rules;Basic and Advanced Skills;(Basic and Advanced) Skills;117.0
Character;Skills and Talents;Skills and Talents;35.0
Rules;Basic and Advanced Skills;Skills and Talents;117.0
Character;Skills and Talents;(Career) Skills and Talents;36.0
Character;Skills and Talents;(Species) Skills and Talents;36.0
Bestiary;Creature Traits;Skittish;342.0
Bestiary;Gors;Slaves to Darkness;331.0
Class and Careers;Slayer;Slayer;114.0
Rules;Master Talent List;Slayer;145.0
Magic;Petty Spells;Sleep;241.0
Rules;Master Skill List;Sleight of Hand;130.0
The Consumers’ Guide;Armour Damage;Slow;299.0
Rules;Losing Corruption Points;(Options:) Slow Manifestations;185.0
Magic;Arcane Spells;Sly Hands;242.0
Rules;Master Talent List;Small;145.0
The Consumers’ Guide;Weapons;Small Items;293.0
Class and Careers;Smuggler;Smuggler;98.0
Bestiary;Snakes;Snakes;316.0
Rules;Master Talent List;Sniper;145.0
Bestiary;Snotlings;Snotlings;326.0
Religion and Belief;Miracles of Ulric;(The) Snow King’s Judgement;227.0
Class and Careers;Soldier;Soldier;115.0
Magic;The Lore of Fire;Soul Vortex;247.0
Religion and Belief;Miracles of Sigmar;Soulfire;226.0
Magic;Arcane Spells;Sounds;242.0
Religion and Belief;Miracles of Ranald;Spear of Myrmidia;224.0
Rules;Combat Difficulty;Special cases;162.0
Character;Species;Species;24.0
Magic;The Lore of Shadows;Speed of Thought;253.0
Rules;Master Talent List;Speedreader;145.0
Magic;Overcasting;Spell Lists;238.0
Bestiary;Creature Traits;Spellcaster;342.0
Magic;Casting Test;Spells;234.0
Bestiary;Giant Spiders;(Giant) Spiders;315.0
Magic;Arcane Spells;Spring;242.0
Rules;Master Talent List;Sprinter;145.0
Class and Careers;Spy;Spy;75.0
Magic;The Lore of Metal;Starcrossed;249.0
Class and Careers;Tiers and Standing;Status;49.0
Class and Careers;The Effects of Status;(Changing) Status;50.0
Class and Careers;The Effects of Status;(Determining) Status;50.0
Class and Careers;Earning Money with Status;(Earning Money with) Status;51.0
Class and Careers;Earning Money with Status;(Maintaining) Status;51.0
Class and Careers;The Effects of Status;(The Effects of) Status;50.0
Religion and Belief;Miracles of Ranald;Stay Lucky;224.0
Religion and Belief;Miracles of Myrmidia;Stay Morr’s Hand;223.0
Magic;The Lore of Fire;Steal Life;247.0
Rules;Master Skill List;Stealth;130.0
Bestiary;Creature Traits;Stealthy;342.0
Glorious Reikland;The Bastions and Fortresses;Steirlich Manor;284.0
Rules;Master Talent List;Step Aside;145.0
Class and Careers;Stevedore;Stevedore;99.0
Glorious Reikland;Altdorf and the Manifold Towns;Stimmigen;282.0
Rules;Symptoms;Stirring Nurgle’s Cauldron;188.0
Glorious Reikland;The Villages, Hamlets, and Holy Places;(The) Stone;285.0
Rules;Master Talent List;Stone Soup;145.0
Bestiary;Rat Ogres;Stormvermin;337.0
Rules;Master Talent List;Stout-hearted;145.0
Magic;Lore of Tzeentch;Stream of Corruption;257.0
Character;Attributes;Strength (S);34.0
Bestiary;Creature Traits;Stride;342.0
Rules;Master Talent List;Strider;145.0
Rules;Master Talent List;Strike Mighty Blow;145.0
Rules;Master Talent List;Strike to Injure;146.0
Rules;Master Talent List;Strike to Stun;146.0
Rules;Master Talent List;Strong Back;146.0
Rules;Master Talent List;Strong Legs;146.0
Rules;Master Talent List;Strong-minded;146.0
Rules;Master Talent List;Strong Swimmer;146.0
Between Adventures;Class Endeavours;Study a Mark;201.0
Rules;Master Condition List;Stunned;169.0
Rules;Master Talent List;Sturdy;146.0
Rules;Master Talent List;Suave;146.0
Rules;Dramatic Tests;Success Levels;152.0
Rules;Criticals and Fumbles;Success Levels in Combat;159.0
Rules;Master Talent List;Super Numerate;146.0
Rules;Master Talent List;Supportive;146.0
Rules;Master Talent List;Sure Shot;146.0
Rules;Master Talent List;Surgery;146.0
Rules;Other Damage;Surgery;181.0
Rules;Surprise;Surprise;156.0
Rules;Taking Your Turn;Surprise Talents !;157.0
Rules;Master Condition List;Surprised;169.0
Bestiary;Creature Traits;Swamp-strider;342.0
Bestiary;Creature Traits;Swarm;342.0
Magic;The Lore of Fire;Swift Passing;247.0
Rules;Master Skill List;Swim;131.0
Magic;Overcasting;(Options: The) Swirling Winds;238.0
Religion and Belief;Miracles of Verena;Sword of Justice;228.0
Character;Species;Sylvan Cousins;29.0
Rules;Symptoms;Symptoms;188.0
Bestiary;Creature Traits;Tail Attack;342.0
Rules;Taking Your Turn;Taking Your Turn;157.0
Class and Careers;Changing Career;Talent Advances;48.0
Class and Careers;Tiers and Standing;Talent and Career Change XP Costs Improvement Table;49.0
Class and Careers;Tiers and Standing;Improvement Table;49.0
Rules;Master Talent List;Talent Format;132.0
Rules;Master Talent List;(Master) Talent List;132.0
Rules;Master Talent List;Talents;132.0
Rules;Master Talent List;(Gaining) Talents;132.0
Rules;Simple Tests;Talents and Tests;149.0
Character;Skills and Talents;(Random) Talents Table;36.0
Religion and Belief;Miracles of Ulric;Tanglefoot;227.0
Rules;Amputated Parts;Teeth;180.0
Magic;Arcane Spells;Teleport;244.0
Character;Bringing Your Character to Life;Ten Questions;42.0
Rules;Master Talent List;Tenacious;147.0
Bestiary;Creature Traits;Tentacles;342.0
Magic;Arcane Spells;Terrifying;244.0
Bestiary;Creature Traits;Territorial;342.0
Rules;Custom Psychology;Terror (Rating);191.0
Bestiary;Creature Traits;Terror;342.0
Magic;The Lore of Metal;T’Essla’s Arc;249.0
Rules;Simple Tests;Tests;149.0
Rules;Dramatic Tests;(Dramatic) Tests;152.0
Rules;Simple Tests;(Simple) Tests;149.0
Rules;Automatic Failure and Success;(Options:) Tests Above 100%;151.0
Glorious Reikland;The Rivers, Canals, and Lakes;(The) Teufel;270.0
Class and Careers;Thief;Thief;107.0
Magic;The Lore of Metal;(The) Third Portent of Amul;249.0
Rules;Other Damage;Thirst and Starvation;181.0
Class and Careers;Tiers and Standing;(The) Three Tiers;49.0
Class and Careers;Tiers and Standing;Tiers and Standing;49.0
Glorious Reikland;Timeline of the Reikland;Timeline of the Reikland;272.0
Rules;Surprise;Timing;156.0
Rules;Master Talent List;Tinker;146.0
The Consumers’ Guide;Armour Damage;Tiring;299.0
Rules;Amputated Parts;Toes;180.0
Bestiary;Vampires;Tomb Banshee;330.0
Rules;Amputated Parts;Tongue;180.0
Bestiary;Creature Traits;Tongue Attack;343.0
The Consumers’ Guide;Tools and Kits;Tools and Kits;303.0
Religion and Belief;Miracles of Ulric;Tooth and Claw;227.0
Rules;Torn Muscles;Torn Muscles;179.0
Magic;Casting Test;Touch Spells in Combat;236.0
Bestiary;Creature Traits;Tough;343.0
Character;Attributes;Toughness (T);34.0
Rules;Master Talent List;Tower of Memories;146.0
Class and Careers;Townsman;Townsman;67.0
Rules;Master Skill List;Track;131.0
Bestiary;Creature Traits;Tracker;343.0
The Consumers’ Guide;Availability;(Options:) Tracking Money;290.0
Rules;Master Skill List;Trade;131.0
The Consumers’ Guide;Trade Tools and Workshops;Trade Tools and Workshops;305.0
Bestiary;Creature Traits;Trained;342.0
Between Adventures;General Endeavours;Training;199.0
Magic;The Lore of Metal;Transmutation of Chamon;250.0
The Consumers’ Guide;Weapon Qualities;Trap Blade;298.0
Rules;Master Talent List;Trapper;147.0
Character;Adding Detail;Trappings;37.0
Character;Adding Detail;(Career) Trappings;37.0
Character;Adding Detail;(Class) Trappings;37.0
The Consumers’ Guide;Miscellaneous Trappings;(Miscellaneous) Trappings;308.0
Rules;Custom Psychology;(Example:) Trauma;191.0
Introduction;A Letter Concerning the Empire;Travel;22.0
The GameMaster;Travel;Travel;261.0
The GameMaster;Travel;Travel Events;262.0
The GameMaster;Travel;Travel by River;262.0
The GameMaster;Travel;Travel by Road;262.0
The GameMaster;Travel;Travel Costs;262.0
The GameMaster;Travel;Travel Prices;262.0
The GameMaster;Travel;Travel Times;262.0
Magic;Lore of Tzeentch;Treason of Tzeentch;257.0
Rules;Master Talent List;Trick Riding;147.0
Bestiary;Trolls;Troll;324.0
Religion and Belief;Miracles of Verena;Truth Will Out;228.0
Rules;Master Talent List;Tunnel Rat;147.0
Religion and Belief;Miracles of Sigmar;Twin-tailed Comet;226.0
Magic;Arcane Spells;Twitch;242.0
Rules;Mounted Combat;Two-Weapon Fighting;163.0
Glorious Reikland;Altdorf and the Manifold Towns;Ubersreik;282.0
The Consumers’ Guide;Item Flaws;Ugly;292.0
Glorious Reikland;The Cursed and Fetid Marshlands;Uhland Bogs;271.0
Religion and Belief;Miracles of Ulric;Ulric’s Fury;227.0
Rules;Mounted Combat;Unarmed Combat;163.0
Religion and Belief;Miracles of Sigmar;Unblemished Innocence;226.0
The Consumers’ Guide;Weapon Qualities;Unbreakable;298.0
Rules;Master Condition List;Unconscious;169.0
The Consumers’ Guide;Armour Damage;Undamaging;299.0
Bestiary;Creature Traits;Undead;343.0
Bestiary;Bray-Shaman;Ungors;332.0
Bestiary;Dire Wolves;Unquiet Dead;328.0
The Consumers’ Guide;Weapons;Unreliable;293.0
Rules;Master Talent List;Unshakable;147.0
Bestiary;Creature Traits;Unstable;343.0
Introduction;Using This Book;Using This Book;6.0
Between Adventures;General Endeavours;Unusual Learning;199.0
Bestiary;Vampires;V Vampire;330.0
Bestiary;Creature Traits;Vampiric;343.0
Magic;Lore of Tzeentch;Vanhel’s Call;257.0
Religion and Belief;Miracles of Ulric;Vanquish the Unrighteous;227.0
Bestiary;Cairn Wraiths;Varghulf;329.0
Bestiary;Creature Traits;Venom;343.0
Rules;Master Talent List;Very Resilient;147.0
Rules;Master Talent List;Very Strong;147.0
Class and Careers;Villager;Villager;84.0
Glorious Reikland;The Villages, Hamlets, and Holy Places;(The) Villages, Hamlets, and Holy Places;285.0
Bestiary;Creature Traits;Vomit;343.0
Rules;Automatic Failure and Success;Von Meinkopf ’s Preeminent Probability;150.0
Glorious Reikland;The Grim, Dark Forests;(The) Vorbergland;268.0
Glorious Reikland;The Rivers, Canals, and Lakes;(The) Vorbergland Canals;270.0
Character;Attributes;Wait! That’s not Fair!;33.0
Bestiary;Creature Traits;Wallcrawler;343.0
Rules;Master Talent List;War Leader;147.0
Rules;Master Talent List;War Wizard;147.0
Magic;Arcane Spells;Ward;244.0
Bestiary;Creature Traits;Ward;343.0
Class and Careers;Warden;Warden;76.0
Magic;Arcane Spells;Warning;242.0
Magic;Second Sight;Warpstone;233.0
Magic;Using Warpstone;(Using) Warpstone;237.0
Rules;Master Talent List;Warrior Born;147.0
Class and Careers;Warrior Priest;Warrior Priest;116.0
Character;Class and Career;Warriors;30.0
Class and Careers;Thief;Warriors;107.0
Class and Careers;Watchman;Watchman;68.0
Rules;Master Talent List;Waterman;147.0
Religion and Belief;Miracles of Myrmidia;Waterwalk;223.0
The Consumers’ Guide;Armour Qualities;Weakpoints;300.0
Character;Adding Detail;(Starting) Wealth Table;37.0
Rules;Master Talent List;Wealthy;147.0
Bestiary;Creature Traits;Weapon;343.0
The Consumers’ Guide;Melee Weapon Groups;Weapon Damage;296.0
The Consumers’ Guide;Armour Damage;Weapon Flaws;299.0
The Consumers’ Guide;Weapon Qualities;Weapon Length and In-fighting;297.0
The Consumers’ Guide;Weapon Qualities;Weapon Range;297.0
The Consumers’ Guide;Weapon Qualities;(Sample) Weapon Ranges;297.0
The Consumers’ Guide;Weapon Qualities;Weapon Reach;297.0
Character;Attributes;Weapon Skill (WS);33.0
The Consumers’ Guide;Weapon Qualities;Weapon Qualities;297.0
The Consumers’ Guide;Weapons;Weapons;293.0
Bestiary;Creature Traits;Web;343.0
Glorious Reikland;The Bastions and Fortresses;Weissbruck;283.0
Glorious Reikland;The Rivers, Canals, and Lakes;(The) Weissbruck Canal;270.0
Rules;Master Talent List;Well-prepared;147.0
Rules;Master Talent List;We’re Doomed!;136.0
Introduction;Using This Book;What’s Next?;7.0
Glorious Reikland;The Bastions and Fortresses;Wheburg;283.0
Rules;Master Skill List;Who’s the Boss?;126.0
Character;Attributes;Willpower (WP);34.0
Magic;The Winds of Magic;(The) Winds of Magic;229.0
Religion and Belief;Miracles of Verena;Winter’s Bite;228.0
Religion and Belief;Miracles of Verena;Wisdom of the Owl;228.0
Class and Careers;Witch;Witch;108.0
Rules;Master Talent List;Witch!;147.0
Class and Careers;Witch Hunter;Witch Hunter;92.0
Magic;The Lore of Hedgecraft;Witch Magic;254.0
Introduction;A Letter Concerning the Empire;Witches;21.0
Class and Careers;Wizard;Wizard;60.0
Bestiary;Basilisks;Wolves;317.0
Character;Species;Wood Elves;28.0
Glorious Reikland;The Ancient Sites and Terrible Ruins;Wörlin;286.0
The Consumers’ Guide;Weapons;Worn Items;293.0
Rules;Symptoms;Wounded;189.0
Character;Attributes;Wounds (W);34.0
Rules;Wounds, Critical Wounds, and Death;Wounds (W);172.0
Rules;Wounds, Critical Wounds, and Death;(Critical) Wounds;172.0
Character;Attributes;(Determining) Wounds;34.0
Rules;Wounds, Critical Wounds, and Death;Wounds, Critical Wounds, and Death;172.0
The Consumers’ Guide;Armour Damage;Wrap;299.0
Religion and Belief;Wrath of the Gods;Wrath of the Gods;218.0
Religion and Belief;Wrath of the Gods;(The) Wrath of the Gods Table;218.0
Class and Careers;Wrecker;Wrecker;100.0
Bestiary;Orcs;Wyvern;325.0
Magic;The Lore of Death;Wyssan’s Wildform;246.0
Between Adventures;Duties & Responsibilities;Year In, Year Out;195.0
Religion and Belief;Miracles of Shallya;You Ain’t Seen Me, Right?;225.0
Introduction;Using This Book;Your Warhammer;7.0
Religion and Belief;Wrath of the Gods;You’ve Got To Pray!;218.0
Glorious Reikland;The Ancient Sites and Terrible Ruins;Zahnstadt;286.0
Bestiary;Dire Wolves;Zombie;328.0
